transect,location_scaled,freq
A,-1.374572912,0.003792538
A,-1.263974306,0.004458795
A,-1.034987017,0.017886429
A,-0.999521662,-0.00599631
A,-0.761787618,0.003467951
A,-0.472529725,0.005210469
A,-0.426506765,0.089825065
A,-0.06966653,0.100006833
A,-0.619892032,0.193077764
A,-0.29899549,0.235171518
A,-0.212723794,0.215610906
A,-0.118149515,0.485256936
A,0.12870712,0.627306273
A,0.283039497,0.608155665
A,0.228167282,0.672082137
A,0.53266366,0.846607216
A,0.69564029,0.968070931
A,0.807195572,0.952678693
A,0.872147055,1.005278803
A,0.94895449,1.001725434
B,-1.046347191,-0.005052364
B,-0.989869883,-0.002437321
B,-0.892554745,-0.007146937
B,-0.825820374,-0.004506506
B,-0.784855601,-0.006880355
B,-0.692415106,-0.001701047
B,-0.646194859,0.000888607
B,-0.466759759,-0.001142494
B,-0.588511584,0.050536338
B,-0.279720724,0.093379879
B,-0.489406538,0.315633132
B,-0.189349413,0.417860997
B,0.033322755,0.302075532
B,0.026556649,0.438197398
B,-0.197067598,0.516851793
B,-0.098165662,0.574027293
B,-0.252643605,0.749387496
B,0.101910505,0.576997778
B,0.103497302,0.638882894
B,0.252668994,0.656578864
B,0.197143764,0.691094891
B,0.351380514,0.70632815
B,0.444773088,0.748638527
B,0.574128848,0.79351317
B,0.380450651,0.840063472
B,0.403376706,0.934179626
B,0.731920025,0.947369089
B,0.774281181,0.999454142
C,-0.539119038,0.204259819
C,-0.38617585,0.184695551
C,-0.110946493,0.147998303
C,-0.02569947,0.217239349
C,-0.234258362,0.254018906
C,0.456607214,0.889439727
C,0.27061371,0.970691587
C,0.674055502,0.823041516
D,-0.754689099,-0.004250186
D,-0.264521996,0.087712983
D,-0.140843469,0.329840981
D,-0.142321246,0.519962614
D,0.147550301,0.594394554
D,0.196316926,0.653714019
D,0.576219166,0.906034886
D,0.741730135,0.945745393
D,0.800727521,1.005077489